{
    "map": {
        "center": [
            139.65698210839577,
            35.81477088586259
        ],
        "zoom": 13,
        "bearing": 0,
        "pitch": 0
    }
}